school,sex,age,address,famsize,Pstatus,Medu,Fedu,Mjob,Fjob,reason,guardian,traveltime,studytime,failures,schoolsup,famsup,paid,activities,nursery,higher,internet,romantic,famrel,freetime,goout,Dalc,Walc,health,absences,G1,G2,G3,recommendations,Actual,Predicted,school;sex;age;address;famsize;Pstatus;Medu;Fedu;Mjob;Fjob;reason;guardian;traveltime;studytime;failures;schoolsup;famsup;paid;activities;nursery;higher;internet;romantic;famrel;freetime;goout;Dalc;Walc;health;absences;G1;G2;G3
0,0,18,1,0,0,4,4,0,4,0,1,2,2,0,1,0,0,0,1,1,0,0,4,3,4,1,1,3,6,5,6,6,[],10,5.769645081286019,"GP;""F"";18;""U"";""GT3"";""A"";4;4;""at_home"";""teacher"";""course"";""mother"";2;2;0;""yes"";""no"";""no"";""no"";""yes"";""yes"";""no"";""no"";4;3;4;1;1;3;6;""5"";""6"";6"
0,0,17,1,0,1,1,1,0,2,0,0,1,2,0,0,1,0,0,0,1,1,0,5,3,3,1,1,3,4,5,5,6,[],12,11.713943210544077,"GP;""F"";17;""U"";""GT3"";""T"";1;1;""at_home"";""other"";""course"";""father"";1;2;0;""no"";""yes"";""no"";""no"";""no"";""yes"";""yes"";""no"";5;3;3;1;1;3;4;""5"";""5"";6"
0,0,15,1,1,1,1,1,0,2,2,1,1,2,3,1,0,1,0,1,1,1,0,4,3,2,2,3,3,10,7,8,10,['Review weak subjects and consider extra tutoring.'],5,3.620836931263558,"GP;""F"";15;""U"";""LE3"";""T"";1;1;""at_home"";""other"";""other"";""mother"";1;2;3;""yes"";""no"";""yes"";""no"";""yes"";""yes"";""yes"";""no"";4;3;2;2;3;3;10;""7"";""8"";10"
0,0,15,1,0,1,4,2,1,3,1,1,1,3,0,0,1,1,1,1,1,1,1,3,2,2,1,1,5,2,15,14,15,[],10,8.109912146589432,"GP;""F"";15;""U"";""GT3"";""T"";4;2;""health"";""services"";""home"";""mother"";1;3;0;""no"";""yes"";""yes"";""yes"";""yes"";""yes"";""yes"";""yes"";3;2;2;1;1;5;2;""15"";""14"";15"
0,0,16,1,0,1,3,3,2,2,1,0,1,2,0,0,1,1,0,1,1,0,0,4,3,2,1,2,5,4,6,10,10,[],9,7.765212934064026,"GP;""F"";16;""U"";""GT3"";""T"";3;3;""other"";""other"";""home"";""father"";1;2;0;""no"";""yes"";""yes"";""no"";""yes"";""yes"";""no"";""no"";4;3;2;1;2;5;4;""6"";""10"";10"
0,1,16,1,1,1,4,3,3,2,3,1,1,2,0,0,1,1,1,1,1,1,0,5,4,2,1,2,5,10,15,15,15,[],13,12.810352241727854,"GP;""M"";16;""U"";""LE3"";""T"";4;3;""services"";""other"";""reputation"";""mother"";1;2;0;""no"";""yes"";""yes"";""yes"";""yes"";""yes"";""yes"";""no"";5;4;2;1;2;5;10;""15"";""15"";15"
0,1,16,1,1,1,2,2,2,2,1,1,1,2,0,0,0,0,0,1,1,1,0,4,4,4,1,1,3,0,12,12,11,[],18,18.960340601712616,"GP;""M"";16;""U"";""LE3"";""T"";2;2;""other"";""other"";""home"";""mother"";1;2;0;""no"";""no"";""no"";""no"";""yes"";""yes"";""yes"";""no"";4;4;4;1;1;3;0;""12"";""12"";11"
0,0,17,1,0,0,4,4,2,4,1,1,2,2,0,1,1,0,0,1,1,0,0,4,1,4,1,1,1,6,6,5,6,['Focus on improving health and well-being.'],6,7.717920408602241,"GP;""F"";17;""U"";""GT3"";""A"";4;4;""other"";""teacher"";""home"";""mother"";2;2;0;""yes"";""yes"";""no"";""no"";""yes"";""yes"";""no"";""no"";4;1;4;1;1;1;6;""6"";""5"";6"
0,1,15,1,1,0,3,2,3,2,1,1,1,2,0,0,1,1,0,1,1,1,0,4,2,2,1,1,1,0,16,18,19,['Focus on improving health and well-being.'],0,6.517131106062683,"GP;""M"";15;""U"";""LE3"";""A"";3;2;""services"";""other"";""home"";""mother"";1;2;0;""no"";""yes"";""yes"";""no"";""yes"";""yes"";""yes"";""no"";4;2;2;1;1;1;0;""16"";""18"";19"
0,1,15,1,0,1,3,4,2,2,1,1,1,2,0,0,1,1,1,1,1,1,0,5,5,1,1,1,5,0,14,15,15,[],14,12.548954777508268,"GP;""M"";15;""U"";""GT3"";""T"";3;4;""other"";""other"";""home"";""mother"";1;2;0;""no"";""yes"";""yes"";""yes"";""yes"";""yes"";""yes"";""no"";5;5;1;1;1;5;0;""14"";""15"";15"
0,0,15,1,0,1,4,4,4,1,3,1,1,2,0,0,1,1,0,1,1,1,0,3,3,3,1,2,2,0,10,8,9,['Focus on improving health and well-being.'],15,15.153199115958538,"GP;""F"";15;""U"";""GT3"";""T"";4;4;""teacher"";""health"";""reputation"";""mother"";1;2;0;""no"";""yes"";""yes"";""no"";""yes"";""yes"";""yes"";""no"";3;3;3;1;2;2;0;""10"";""8"";9"
0,0,15,1,0,1,2,1,3,2,3,0,3,3,0,0,1,0,1,1,1,1,0,5,2,2,1,1,4,4,10,12,12,[],7,6.048028056382728,"GP;""F"";15;""U"";""GT3"";""T"";2;1;""services"";""other"";""reputation"";""father"";3;3;0;""no"";""yes"";""no"";""yes"";""yes"";""yes"";""yes"";""no"";5;2;2;1;1;4;4;""10"";""12"";12"
0,1,15,1,1,1,4,4,1,3,0,0,1,1,0,0,1,1,1,1,1,1,0,4,3,3,1,3,5,2,14,14,14,['Increase study time to at least 2 hours per week.'],15,14.049467318210882,"GP;""M"";15;""U"";""LE3"";""T"";4;4;""health"";""services"";""course"";""father"";1;1;0;""no"";""yes"";""yes"";""yes"";""yes"";""yes"";""yes"";""no"";4;3;3;1;3;5;2;""14"";""14"";14"
0,1,15,1,0,1,4,3,4,2,0,1,2,2,0,0,1,1,0,1,1,1,0,5,4,3,1,2,3,2,10,10,11,[],10,11.642138622180488,"GP;""M"";15;""U"";""GT3"";""T"";4;3;""teacher"";""other"";""course"";""mother"";2;2;0;""no"";""yes"";""yes"";""no"";""yes"";""yes"";""yes"";""no"";5;4;3;1;2;3;2;""10"";""10"";11"
0,1,15,1,0,0,2,2,2,2,1,2,1,3,0,0,1,0,0,1,1,1,1,4,5,2,1,1,3,0,14,16,16,[],14,13.92795595370232,"GP;""M"";15;""U"";""GT3"";""A"";2;2;""other"";""other"";""home"";""other"";1;3;0;""no"";""yes"";""no"";""no"";""yes"";""yes"";""yes"";""yes"";4;5;2;1;1;3;0;""14"";""16"";16"
0,0,16,1,0,1,4,4,1,2,1,1,1,1,0,0,1,0,0,1,1,1,0,4,4,4,1,2,2,4,14,14,14,"['Increase study time to at least 2 hours per week.', 'Focus on improving health and well-being.']",8,7.442810122111873,"GP;""F"";16;""U"";""GT3"";""T"";4;4;""health"";""other"";""home"";""mother"";1;1;0;""no"";""yes"";""no"";""no"";""yes"";""yes"";""yes"";""no"";4;4;4;1;2;2;4;""14"";""14"";14"
0,0,16,1,0,1,4,4,3,3,3,1,1,3,0,0,1,1,1,1,1,1,0,3,2,3,1,2,2,6,13,14,14,['Focus on improving health and well-being.'],8,6.609175494383464,"GP;""F"";16;""U"";""GT3"";""T"";4;4;""services"";""services"";""reputation"";""mother"";1;3;0;""no"";""yes"";""yes"";""yes"";""yes"";""yes"";""yes"";""no"";3;2;3;1;2;2;6;""13"";""14"";14"
0,0,16,1,0,1,3,3,2,2,3,1,3,2,0,1,1,0,1,1,1,0,0,5,3,2,1,1,4,4,8,10,10,[],11,10.705373494446574,"GP;""F"";16;""U"";""GT3"";""T"";3;3;""other"";""other"";""reputation"";""mother"";3;2;0;""yes"";""yes"";""no"";""yes"";""yes"";""yes"";""no"";""no"";5;3;2;1;1;4;4;""8"";""10"";10"
0,1,17,1,0,1,3,2,3,3,0,1,1,1,3,0,1,0,1,1,1,1,0,5,5,5,2,4,5,16,6,5,5,"['Increase study time to at least 2 hours per week.', 'Reduce school absences to improve performance.', 'Review weak subjects and consider extra tutoring.']",15,15.195319368371504,"GP;""M"";17;""U"";""GT3"";""T"";3;2;""services"";""services"";""course"";""mother"";1;1;3;""no"";""yes"";""no"";""yes"";""yes"";""yes"";""yes"";""no"";5;5;5;2;4;5;16;""6"";""5"";5"
0,1,16,1,1,1,4,3,1,2,1,0,1,1,0,0,0,1,1,1,1,1,0,3,1,3,1,3,5,4,8,10,10,['Increase study time to at least 2 hours per week.'],0,7.84291013311799,"GP;""M"";16;""U"";""LE3"";""T"";4;3;""health"";""other"";""home"";""father"";1;1;0;""no"";""no"";""yes"";""yes"";""yes"";""yes"";""yes"";""no"";3;1;3;1;3;5;4;""8"";""10"";10"
0,1,15,1,0,1,4,3,4,2,3,1,1,2,0,0,0,0,0,1,1,1,0,4,4,1,1,1,1,0,13,14,15,['Focus on improving health and well-being.'],14,14.481878201403,"GP;""M"";15;""U"";""GT3"";""T"";4;3;""teacher"";""other"";""reputation"";""mother"";1;2;0;""no"";""no"";""no"";""no"";""yes"";""yes"";""yes"";""no"";4;4;1;1;1;1;0;""13"";""14"";15"
0,1,15,1,0,1,4,4,1,1,2,0,1,1,0,0,1,1,0,1,1,1,0,5,4,2,1,1,5,0,12,15,15,['Increase study time to at least 2 hours per week.'],16,16.048456447639754,"GP;""M"";15;""U"";""GT3"";""T"";4;4;""health"";""health"";""other"";""father"";1;1;0;""no"";""yes"";""yes"";""no"";""yes"";""yes"";""yes"";""no"";5;4;2;1;1;5;0;""12"";""15"";15"
0,1,16,1,1,1,4,2,4,2,0,1,1,2,0,0,0,0,1,1,1,1,0,4,5,1,1,3,5,2,15,15,16,[],16,15.169889803135847,"GP;""M"";16;""U"";""LE3"";""T"";4;2;""teacher"";""other"";""course"";""mother"";1;2;0;""no"";""no"";""no"";""yes"";""yes"";""yes"";""yes"";""no"";4;5;1;1;3;5;2;""15"";""15"";16"
0,1,16,1,1,1,2,2,2,2,3,1,2,2,0,0,1,0,1,1,1,1,0,5,4,4,2,4,5,0,13,13,12,[],6,4.896038963507488,"GP;""M"";16;""U"";""LE3"";""T"";2;2;""other"";""other"";""reputation"";""mother"";2;2;0;""no"";""yes"";""no"";""yes"";""yes"";""yes"";""yes"";""no"";5;4;4;2;4;5;0;""13"";""13"";12"
0,0,15,0,0,1,2,4,3,1,0,1,1,3,0,1,1,1,1,1,1,1,0,4,3,2,1,1,5,2,10,9,8,[],0,8.473515971029842,"GP;""F"";15;""R"";""GT3"";""T"";2;4;""services"";""health"";""course"";""mother"";1;3;0;""yes"";""yes"";""yes"";""yes"";""yes"";""yes"";""yes"";""no"";4;3;2;1;1;5;2;""10"";""9"";8"
0,0,16,1,0,1,2,2,3,3,1,1,1,1,2,0,1,1,0,0,1,1,0,1,2,2,1,3,5,14,6,9,8,"['Increase study time to at least 2 hours per week.', 'Reduce school absences to improve performance.', 'Review weak subjects and consider extra tutoring.']",19,20.345349324706905,"GP;""F"";16;""U"";""GT3"";""T"";2;2;""services"";""services"";""home"";""mother"";1;1;2;""no"";""yes"";""yes"";""no"";""no"";""yes"";""yes"";""no"";1;2;2;1;3;5;14;""6"";""9"";8"
0,1,15,1,0,1,2,2,2,2,1,1,1,1,0,0,1,1,0,1,1,1,0,4,2,2,1,2,5,2,12,12,11,['Increase study time to at least 2 hours per week.'],11,10.728224379188646,"GP;""M"";15;""U"";""GT3"";""T"";2;2;""other"";""other"";""home"";""mother"";1;1;0;""no"";""yes"";""yes"";""no"";""yes"";""yes"";""yes"";""no"";4;2;2;1;2;5;2;""12"";""12"";11"
0,1,15,1,0,1,4,2,1,3,2,1,1,1,0,0,0,1,0,1,1,1,0,2,2,4,2,4,1,4,15,16,15,"['Increase study time to at least 2 hours per week.', 'Focus on improving health and well-being.']",12,8.903381335686129,"GP;""M"";15;""U"";""GT3"";""T"";4;2;""health"";""services"";""other"";""mother"";1;1;0;""no"";""no"";""yes"";""no"";""yes"";""yes"";""yes"";""no"";2;2;4;2;4;1;4;""15"";""16"";15"
0,1,16,1,1,0,3,4,3,2,1,1,1,2,0,1,1,0,1,1,1,1,0,5,3,3,1,1,5,4,11,11,11,[],17,17.121419889321025,"GP;""M"";16;""U"";""LE3"";""A"";3;4;""services"";""other"";""home"";""mother"";1;2;0;""yes"";""yes"";""no"";""yes"";""yes"";""yes"";""yes"";""no"";5;3;3;1;1;5;4;""11"";""11"";11"
0,1,16,1,0,1,4,4,4,4,1,1,1,2,0,0,1,1,1,1,1,1,1,4,4,5,5,5,5,16,10,12,11,['Reduce school absences to improve performance.'],10,10.546555346179002,"GP;""M"";16;""U"";""GT3"";""T"";4;4;""teacher"";""teacher"";""home"";""mother"";1;2;0;""no"";""yes"";""yes"";""yes"";""yes"";""yes"";""yes"";""yes"";4;4;5;5;5;5;16;""10"";""12"";11"
0,1,15,1,0,1,4,4,1,3,1,1,1,2,0,0,1,1,0,0,1,1,0,5,4,2,3,4,5,0,9,11,12,[],8,9.399610766897167,"GP;""M"";15;""U"";""GT3"";""T"";4;4;""health"";""services"";""home"";""mother"";1;2;0;""no"";""yes"";""yes"";""no"";""no"";""yes"";""yes"";""no"";5;4;2;3;4;5;0;""9"";""11"";12"
0,1,15,1,0,1,4,4,3,3,3,1,2,2,0,0,1,0,1,1,1,1,0,4,3,1,1,1,5,0,17,16,17,[],10,7.199387542505592,"GP;""M"";15;""U"";""GT3"";""T"";4;4;""services"";""services"";""reputation"";""mother"";2;2;0;""no"";""yes"";""no"";""yes"";""yes"";""yes"";""yes"";""no"";4;3;1;1;1;5;0;""17"";""16"";17"
0,1,15,0,0,1,4,3,4,0,0,1,1,2,0,0,1,0,1,1,1,1,1,4,5,2,1,1,5,0,17,16,16,[],15,15.28338412002406,"GP;""M"";15;""R"";""GT3"";""T"";4;3;""teacher"";""at_home"";""course"";""mother"";1;2;0;""no"";""yes"";""no"";""yes"";""yes"";""yes"";""yes"";""yes"";4;5;2;1;1;5;0;""17"";""16"";16"
0,1,15,1,1,1,3,3,2,2,0,1,1,2,0,0,0,0,1,0,1,1,0,5,3,2,1,1,2,0,8,10,12,['Focus on improving health and well-being.'],13,12.71938543233133,"GP;""M"";15;""U"";""LE3"";""T"";3;3;""other"";""other"";""course"";""mother"";1;2;0;""no"";""no"";""no"";""yes"";""no"";""yes"";""yes"";""no"";5;3;2;1;1;2;0;""8"";""10"";12"
0,1,16,1,0,1,3,2,2,2,1,1,1,1,0,0,1,1,0,0,1,1,0,5,4,3,1,1,5,0,12,14,15,['Increase study time to at least 2 hours per week.'],8,6.483789743013904,"GP;""M"";16;""U"";""GT3"";""T"";3;2;""other"";""other"";""home"";""mother"";1;1;0;""no"";""yes"";""yes"";""no"";""no"";""yes"";""yes"";""no"";5;4;3;1;1;5;0;""12"";""14"";15"
0,0,15,1,0,1,2,3,2,2,2,0,2,1,0,0,1,0,1,1,1,0,0,3,5,1,1,1,5,0,8,7,6,['Increase study time to at least 2 hours per week.'],5,4.06516948230356,"GP;""F"";15;""U"";""GT3"";""T"";2;3;""other"";""other"";""other"";""father"";2;1;0;""no"";""yes"";""no"";""yes"";""yes"";""yes"";""no"";""no"";3;5;1;1;1;5;0;""8"";""7"";6"
0,1,15,1,1,1,4,3,4,3,1,1,1,3,0,0,1,0,1,1,1,1,0,5,4,3,1,1,4,2,15,16,18,[],0,-1.9777106412953191,"GP;""M"";15;""U"";""LE3"";""T"";4;3;""teacher"";""services"";""home"";""mother"";1;3;0;""no"";""yes"";""no"";""yes"";""yes"";""yes"";""yes"";""no"";5;4;3;1;1;4;2;""15"";""16"";18"
0,1,16,0,0,0,4,4,2,4,3,1,2,3,0,0,1,0,1,1,1,1,1,2,4,3,1,1,5,7,15,16,15,[],15,15.328089628818638,"GP;""M"";16;""R"";""GT3"";""A"";4;4;""other"";""teacher"";""reputation"";""mother"";2;3;0;""no"";""yes"";""no"";""yes"";""yes"";""yes"";""yes"";""yes"";2;4;3;1;1;5;7;""15"";""16"";15"
0,0,15,0,0,1,3,4,3,1,0,1,1,3,0,1,1,1,1,1,1,1,0,4,3,2,1,1,5,2,12,12,11,[],14,11.708152138376413,"GP;""F"";15;""R"";""GT3"";""T"";3;4;""services"";""health"";""course"";""mother"";1;3;0;""yes"";""yes"";""yes"";""yes"";""yes"";""yes"";""yes"";""no"";4;3;2;1;1;5;2;""12"";""12"";11"
0,0,15,0,0,1,2,2,0,2,3,1,1,1,0,1,1,1,1,1,1,0,0,4,3,1,1,1,2,8,14,13,13,"['Increase study time to at least 2 hours per week.', 'Focus on improving health and well-being.']",8,8.225413202307136,"GP;""F"";15;""R"";""GT3"";""T"";2;2;""at_home"";""other"";""reputation"";""mother"";1;1;0;""yes"";""yes"";""yes"";""yes"";""yes"";""yes"";""no"";""no"";4;3;1;1;1;2;8;""14"";""13"";13"
0,0,16,1,1,1,2,2,2,2,1,1,2,2,1,0,1,0,1,0,1,1,1,3,3,3,1,2,3,25,7,10,11,"['Reduce school absences to improve performance.', 'Review weak subjects and consider extra tutoring.']",5,5.244224550436943,"GP;""F"";16;""U"";""LE3"";""T"";2;2;""other"";""other"";""home"";""mother"";2;2;1;""no"";""yes"";""no"";""yes"";""no"";""yes"";""yes"";""yes"";3;3;3;1;2;3;25;""7"";""10"";11"
0,1,15,1,1,1,4,4,4,2,1,2,1,1,0,0,1,0,0,0,1,1,1,5,4,3,2,4,5,8,12,12,12,['Increase study time to at least 2 hours per week.'],11,10.827248244312182,"GP;""M"";15;""U"";""LE3"";""T"";4;4;""teacher"";""other"";""home"";""other"";1;1;0;""no"";""yes"";""no"";""no"";""no"";""yes"";""yes"";""yes"";5;4;3;2;4;5;8;""12"";""12"";12"
0,1,15,1,0,1,4,4,3,4,0,0,1,2,0,0,1,0,1,1,1,1,0,4,3,3,1,1,5,2,19,18,18,[],14,14.414308057551729,"GP;""M"";15;""U"";""GT3"";""T"";4;4;""services"";""teacher"";""course"";""father"";1;2;0;""no"";""yes"";""no"";""yes"";""yes"";""yes"";""yes"";""no"";4;3;3;1;1;5;2;""19"";""18"";18"
0,1,15,1,0,1,2,2,3,3,0,0,1,1,0,1,1,0,0,1,1,1,0,5,4,1,1,1,1,0,8,8,11,"['Increase study time to at least 2 hours per week.', 'Focus on improving health and well-being.']",9,7.654547501656187,"GP;""M"";15;""U"";""GT3"";""T"";2;2;""services"";""services"";""course"";""father"";1;1;0;""yes"";""yes"";""no"";""no"";""yes"";""yes"";""yes"";""no"";5;4;1;1;1;1;0;""8"";""8"";11"
0,0,16,1,1,1,2,2,2,0,0,0,2,2,1,1,0,0,1,1,1,1,0,4,3,3,2,2,5,14,10,10,9,"['Reduce school absences to improve performance.', 'Review weak subjects and consider extra tutoring.']",15,15.7770293885528,"GP;""F"";16;""U"";""LE3"";""T"";2;2;""other"";""at_home"";""course"";""father"";2;2;1;""yes"";""no"";""no"";""yes"";""yes"";""yes"";""yes"";""no"";4;3;3;2;2;5;14;""10"";""10"";9"
0,0,15,1,1,0,4,3,2,2,0,1,1,2,0,1,1,1,1,1,1,1,1,5,2,2,1,1,5,8,8,8,6,[],10,9.286937185976743,"GP;""F"";15;""U"";""LE3"";""A"";4;3;""other"";""other"";""course"";""mother"";1;2;0;""yes"";""yes"";""yes"";""yes"";""yes"";""yes"";""yes"";""yes"";5;2;2;1;1;5;8;""8"";""8"";6"
0,0,16,1,1,0,3,3,2,3,1,1,1,2,0,0,1,0,0,1,1,1,0,2,3,5,1,4,3,12,11,12,11,['Reduce school absences to improve performance.'],11,12.457704602167205,"GP;""F"";16;""U"";""LE3"";""A"";3;3;""other"";""services"";""home"";""mother"";1;2;0;""no"";""yes"";""no"";""no"";""yes"";""yes"";""yes"";""no"";2;3;5;1;4;3;12;""11"";""12"";11"
0,1,16,1,0,1,4,3,1,3,3,1,1,4,0,0,0,0,1,1,1,1,0,4,2,2,1,1,2,4,19,19,20,['Focus on improving health and well-being.'],13,13.946132227298868,"GP;""M"";16;""U"";""GT3"";""T"";4;3;""health"";""services"";""reputation"";""mother"";1;4;0;""no"";""no"";""no"";""yes"";""yes"";""yes"";""yes"";""no"";4;2;2;1;1;2;4;""19"";""19"";20"
0,1,15,1,0,1,4,2,4,2,1,1,1,2,0,0,1,1,0,1,1,0,0,4,3,3,2,2,5,2,15,15,14,[],13,12.4014351373706,"GP;""M"";15;""U"";""GT3"";""T"";4;2;""teacher"";""other"";""home"";""mother"";1;2;0;""no"";""yes"";""yes"";""no"";""yes"";""yes"";""no"";""no"";4;3;3;2;2;5;2;""15"";""15"";14"
0,0,15,1,0,1,4,4,3,4,2,0,1,2,1,1,1,0,1,0,1,1,0,4,4,4,1,1,3,2,7,7,7,['Review weak subjects and consider extra tutoring.'],16,15.869681858544851,"GP;""F"";15;""U"";""GT3"";""T"";4;4;""services"";""teacher"";""other"";""father"";1;2;1;""yes"";""yes"";""no"";""yes"";""no"";""yes"";""yes"";""no"";4;4;4;1;1;3;2;""7"";""7"";7"
0,0,16,1,1,1,2,2,3,3,0,1,3,2,0,0,1,1,0,1,1,1,0,4,3,3,2,3,4,2,12,13,13,[],13,13.33098487578532,"GP;""F"";16;""U"";""LE3"";""T"";2;2;""services"";""services"";""course"";""mother"";3;2;0;""no"";""yes"";""yes"";""no"";""yes"";""yes"";""yes"";""no"";4;3;3;2;3;4;2;""12"";""13"";13"
0,0,15,1,1,1,4,2,1,2,2,1,1,2,0,0,1,1,0,1,1,1,0,4,3,3,1,1,5,2,11,13,13,[],15,14.799075467327576,"GP;""F"";15;""U"";""LE3"";""T"";4;2;""health"";""other"";""other"";""mother"";1;2;0;""no"";""yes"";""yes"";""no"";""yes"";""yes"";""yes"";""no"";4;3;3;1;1;5;2;""11"";""13"";13"
0,1,15,1,1,0,4,2,1,1,2,0,2,1,1,0,0,0,0,1,1,0,0,5,5,5,3,4,5,6,11,11,10,"['Increase study time to at least 2 hours per week.', 'Review weak subjects and consider extra tutoring.']",12,10.988350127738938,"GP;""M"";15;""U"";""LE3"";""A"";4;2;""health"";""health"";""other"";""father"";2;1;1;""no"";""no"";""no"";""no"";""yes"";""yes"";""no"";""no"";5;5;5;3;4;5;6;""11"";""11"";10"
0,0,15,1,0,1,4,4,3,3,0,1,1,1,0,1,1,1,0,1,1,1,0,3,3,4,2,3,5,0,8,10,11,['Increase study time to at least 2 hours per week.'],10,7.591312412222369,"GP;""F"";15;""U"";""GT3"";""T"";4;4;""services"";""services"";""course"";""mother"";1;1;0;""yes"";""yes"";""yes"";""no"";""yes"";""yes"";""yes"";""no"";3;3;4;2;3;5;0;""8"";""10"";11"
0,0,15,1,1,0,3,3,2,2,2,1,1,1,0,0,0,1,0,1,1,1,0,5,3,4,4,4,1,6,10,13,13,"['Increase study time to at least 2 hours per week.', 'Focus on improving health and well-being.']",6,3.9773112518616944,"GP;""F"";15;""U"";""LE3"";""A"";3;3;""other"";""other"";""other"";""mother"";1;1;0;""no"";""no"";""yes"";""no"";""yes"";""yes"";""yes"";""no"";5;3;4;4;4;1;6;""10"";""13"";13"
0,0,16,1,0,0,2,1,2,2,2,1,1,2,0,0,0,1,1,1,1,1,1,5,3,4,1,1,2,8,8,9,10,['Focus on improving health and well-being.'],12,13.3095942150725,"GP;""F"";16;""U"";""GT3"";""A"";2;1;""other"";""other"";""other"";""mother"";1;2;0;""no"";""no"";""yes"";""yes"";""yes"";""yes"";""yes"";""yes"";5;3;4;1;1;2;8;""8"";""9"";10"
0,0,15,1,0,0,4,3,3,3,3,1,1,2,0,0,1,1,1,1,1,1,0,4,3,2,1,1,1,0,14,15,15,['Focus on improving health and well-being.'],11,9.994829573799564,"GP;""F"";15;""U"";""GT3"";""A"";4;3;""services"";""services"";""reputation"";""mother"";1;2;0;""no"";""yes"";""yes"";""yes"";""yes"";""yes"";""yes"";""no"";4;3;2;1;1;1;0;""14"";""15"";15"
0,1,15,1,0,1,4,4,4,1,3,1,1,2,0,0,1,0,1,1,1,0,0,3,2,2,1,1,5,4,14,15,15,[],0,6.359076538293784,"GP;""M"";15;""U"";""GT3"";""T"";4;4;""teacher"";""health"";""reputation"";""mother"";1;2;0;""no"";""yes"";""no"";""yes"";""yes"";""yes"";""no"";""no"";3;2;2;1;1;5;4;""14"";""15"";15"
0,1,15,1,1,1,1,2,2,0,1,0,1,2,0,1,1,0,1,1,1,1,0,4,3,2,1,1,5,2,9,10,9,[],16,15.069255922140291,"GP;""M"";15;""U"";""LE3"";""T"";1;2;""other"";""at_home"";""home"";""father"";1;2;0;""yes"";""yes"";""no"";""yes"";""yes"";""yes"";""yes"";""no"";4;3;2;1;1;5;2;""9"";""10"";9"
0,0,16,1,0,1,4,2,3,2,0,1,1,2,0,0,1,0,0,1,1,1,0,4,2,3,1,1,5,2,15,16,16,[],17,16.60790037030222,"GP;""F"";16;""U"";""GT3"";""T"";4;2;""services"";""other"";""course"";""mother"";1;2;0;""no"";""yes"";""no"";""no"";""yes"";""yes"";""yes"";""no"";4;2;3;1;1;5;2;""15"";""16"";16"
0,0,16,0,0,1,4,4,1,4,2,1,1,2,0,0,1,0,1,1,1,0,0,2,4,4,2,3,4,6,10,11,11,[],14,12.828129757270576,"GP;""F"";16;""R"";""GT3"";""T"";4;4;""health"";""teacher"";""other"";""mother"";1;2;0;""no"";""yes"";""no"";""yes"";""yes"";""yes"";""no"";""no"";2;4;4;2;3;4;6;""10"";""11"";11"
0,0,16,1,0,1,1,1,3,3,0,0,4,1,0,1,1,0,1,0,1,1,1,5,5,5,5,5,5,6,10,8,11,['Increase study time to at least 2 hours per week.'],10,8.572529284690859,"GP;""F"";16;""U"";""GT3"";""T"";1;1;""services"";""services"";""course"";""father"";4;1;0;""yes"";""yes"";""no"";""yes"";""no"";""yes"";""yes"";""yes"";5;5;5;5;5;5;6;""10"";""8"";11"
0,0,16,1,1,1,1,2,2,3,3,0,1,2,0,1,0,0,1,1,1,1,0,4,4,3,1,1,1,4,8,10,9,['Focus on improving health and well-being.'],10,6.022313778977134,"GP;""F"";16;""U"";""LE3"";""T"";1;2;""other"";""services"";""reputation"";""father"";1;2;0;""yes"";""no"";""no"";""yes"";""yes"";""yes"";""yes"";""no"";4;4;3;1;1;1;4;""8"";""10"";9"
0,0,16,1,0,1,4,3,4,1,1,1,1,3,0,1,1,1,1,1,1,1,0,3,4,4,2,4,4,2,10,9,9,[],6,3.7324426641841537,"GP;""F"";16;""U"";""GT3"";""T"";4;3;""teacher"";""health"";""home"";""mother"";1;3;0;""yes"";""yes"";""yes"";""yes"";""yes"";""yes"";""yes"";""no"";3;4;4;2;4;4;2;""10"";""9"";9"
0,0,15,1,1,1,4,3,3,3,3,0,1,2,0,1,0,0,1,1,1,1,1,4,4,4,2,4,2,0,10,10,10,['Focus on improving health and well-being.'],9,4.590604692084832,"GP;""F"";15;""U"";""LE3"";""T"";4;3;""services"";""services"";""reputation"";""father"";1;2;0;""yes"";""no"";""no"";""yes"";""yes"";""yes"";""yes"";""yes"";4;4;4;2;4;2;0;""10"";""10"";10"
0,0,16,1,1,1,4,3,4,3,0,1,3,2,0,0,1,0,1,1,1,1,0,5,4,3,1,2,1,2,16,15,15,['Focus on improving health and well-being.'],17,17.07448486943192,"GP;""F"";16;""U"";""LE3"";""T"";4;3;""teacher"";""services"";""course"";""mother"";3;2;0;""no"";""yes"";""no"";""yes"";""yes"";""yes"";""yes"";""no"";5;4;3;1;2;1;2;""16"";""15"";15"
0,1,15,1,0,0,4,4,2,3,3,1,1,4,0,0,1,0,1,0,1,1,1,1,3,3,5,5,3,4,13,13,12,[],8,7.570491556226369,"GP;""M"";15;""U"";""GT3"";""A"";4;4;""other"";""services"";""reputation"";""mother"";1;4;0;""no"";""yes"";""no"";""yes"";""no"";""yes"";""yes"";""yes"";1;3;3;5;5;3;4;""13"";""13"";12"
0,0,16,1,0,1,3,1,3,2,0,1,1,4,0,1,1,1,0,1,1,1,0,4,3,3,1,2,5,4,7,7,6,[],10,9.536074219171518,"GP;""F"";16;""U"";""GT3"";""T"";3;1;""services"";""other"";""course"";""mother"";1;4;0;""yes"";""yes"";""yes"";""no"";""yes"";""yes"";""yes"";""no"";4;3;3;1;2;5;4;""7"";""7"";6"
0,0,15,0,1,1,2,2,1,3,3,1,2,2,0,1,1,1,0,1,1,1,0,4,1,3,1,3,4,2,8,9,8,[],9,9.332262821475824,"GP;""F"";15;""R"";""LE3"";""T"";2;2;""health"";""services"";""reputation"";""mother"";2;2;0;""yes"";""yes"";""yes"";""no"";""yes"";""yes"";""yes"";""no"";4;1;3;1;3;4;2;""8"";""9"";8"
0,0,15,0,1,1,3,1,2,2,3,0,2,4,0,0,1,0,0,0,1,1,0,4,4,2,2,3,3,12,16,16,16,['Reduce school absences to improve performance.'],15,15.57967267078206,"GP;""F"";15;""R"";""LE3"";""T"";3;1;""other"";""other"";""reputation"";""father"";2;4;0;""no"";""yes"";""no"";""no"";""no"";""yes"";""yes"";""no"";4;4;2;2;3;3;12;""16"";""16"";16"
0,1,16,1,0,1,3,1,2,2,3,0,2,4,0,0,1,1,0,1,1,1,0,4,3,2,1,1,5,0,13,15,15,[],6,7.736599612674289,"GP;""M"";16;""U"";""GT3"";""T"";3;1;""other"";""other"";""reputation"";""father"";2;4;0;""no"";""yes"";""yes"";""no"";""yes"";""yes"";""yes"";""no"";4;3;2;1;1;5;0;""13"";""15"";15"
0,1,15,1,0,1,4,2,2,2,0,1,1,4,0,0,0,0,0,1,1,1,0,3,3,3,1,1,3,0,10,10,10,[],10,9.489626022779987,"GP;""M"";15;""U"";""GT3"";""T"";4;2;""other"";""other"";""course"";""mother"";1;4;0;""no"";""no"";""no"";""no"";""yes"";""yes"";""yes"";""no"";3;3;3;1;1;3;0;""10"";""10"";10"
0,0,15,0,0,1,1,1,2,2,3,1,1,2,2,1,1,0,0,0,1,1,1,3,3,4,2,4,5,2,8,6,5,['Review weak subjects and consider extra tutoring.'],15,12.98385687646002,"GP;""F"";15;""R"";""GT3"";""T"";1;1;""other"";""other"";""reputation"";""mother"";1;2;2;""yes"";""yes"";""no"";""no"";""no"";""yes"";""yes"";""yes"";3;3;4;2;4;5;2;""8"";""6"";5"
0,1,16,1,0,1,3,1,2,2,3,1,1,1,0,0,0,0,1,1,1,0,0,5,3,2,2,2,5,2,12,12,14,['Increase study time to at least 2 hours per week.'],19,19.7327468788367,"GP;""M"";16;""U"";""GT3"";""T"";3;1;""other"";""other"";""reputation"";""mother"";1;1;0;""no"";""no"";""no"";""yes"";""yes"";""yes"";""no"";""no"";5;3;2;2;2;5;2;""12"";""12"";14"
0,0,16,1,0,1,3,3,2,3,1,1,1,2,0,1,1,1,1,1,1,1,0,4,3,3,2,4,5,54,11,12,11,['Reduce school absences to improve performance.'],12,10.790249009275191,"GP;""F"";16;""U"";""GT3"";""T"";3;3;""other"";""services"";""home"";""mother"";1;2;0;""yes"";""yes"";""yes"";""yes"";""yes"";""yes"";""yes"";""no"";4;3;3;2;4;5;54;""11"";""12"";11"
0,1,15,1,0,1,4,3,4,2,1,1,1,2,0,0,1,1,1,1,1,1,0,4,3,3,2,3,5,6,9,9,10,[],6,6.246394622718595,"GP;""M"";15;""U"";""GT3"";""T"";4;3;""teacher"";""other"";""home"";""mother"";1;2;0;""no"";""yes"";""yes"";""yes"";""yes"";""yes"";""yes"";""no"";4;3;3;2;3;5;6;""9"";""9"";10"
0,1,15,1,0,1,4,0,4,2,0,1,2,4,0,0,0,0,1,1,1,1,0,3,4,3,1,1,1,8,11,11,10,['Focus on improving health and well-being.'],9,8.708461377242891,"GP;""M"";15;""U"";""GT3"";""T"";4;0;""teacher"";""other"";""course"";""mother"";2;4;0;""no"";""no"";""no"";""yes"";""yes"";""yes"";""yes"";""no"";3;4;3;1;1;1;8;""11"";""11"";10"
0,0,16,1,0,1,2,2,2,2,3,1,1,4,0,0,0,1,0,1,1,1,1,5,2,3,1,3,3,0,11,11,11,[],15,14.393961973045291,"GP;""F"";16;""U"";""GT3"";""T"";2;2;""other"";""other"";""reputation"";""mother"";1;4;0;""no"";""no"";""yes"";""no"";""yes"";""yes"";""yes"";""yes"";5;2;3;1;3;3;0;""11"";""11"";11"
0,1,17,1,0,1,2,1,2,2,1,1,2,1,3,1,1,0,1,1,0,1,0,4,5,1,1,1,3,2,8,8,10,"['Increase study time to at least 2 hours per week.', 'Review weak subjects and consider extra tutoring.']",5,3.3224331215680896,"GP;""M"";17;""U"";""GT3"";""T"";2;1;""other"";""other"";""home"";""mother"";2;1;3;""yes"";""yes"";""no"";""yes"";""yes"";""no"";""yes"";""no"";4;5;1;1;1;3;2;""8"";""8"";10"
